Title,Slug,Content,Date,Author,Categories,Tags,Image_url,Attachments
*Samaritans - Urgent Help,/samaritans-urgent-help,,2024-01-01T00:00:00.000Z,Guest,"Who:Friend/colleague, Who:Sibling, Who:Grandparent, Who:Parent, Who:Relative Cir:Neurological, Cir:Medical complications, Cir:Violence/murder, Cir:Illness, Cir:Negligence or neglect, Cir:Sudden Unexplained Death (SIDS, Cir:SUDI, Cir:SUDC), Cir:Cancer, Cir:Substance Misuse & Addiction Age:50-65, Age:65+, Age:30-50 Type:Specialist Services, Type:Counselling",,,
. Urgent Help: Childline,/urgent-help-childline,,2024-01-02T00:01:00.000Z,Guest,"Who:Baby at birth, Who:Child, Who:Adult child Cir:Neurological, Cir:Medical complications, Cir:Heart disease/heart attack, Cir:Violence/murder, Cir:Illness, Cir:Hereditary or congenital disease, Cir:Negligence or neglect, Cir:Missing person, Cir:Cancer, Cir:Substance Misuse & Addiction, Cir:Accident, Cir:Old age Age:Young people (11-18) Type:Counselling",,,
2Wish,/2wish,,2024-01-03T00:02:00.000Z,Guest,"Who:Friend/colleague, Who:Sibling, Who:Grandparent, Who:Parent, Who:Relative Cir:Neurological, Cir:Medical complications, Cir:Heart disease/heart attack, Cir:Violence/murder, Cir:Illness, Cir:Hereditary or congenital disease, Cir:Negligence or neglect, Cir:Missing person, Cir:Sudden Unexplained Death (SIDS, Cir:SUDI, Cir:SUDC), Cir:Cancer, Cir:Substance Misuse & Addiction, Cir:Accident, Cir:Old age Age:Young people (11-18) Type:Mental Health Services",,,
3rd Level Foundation,/3rd-level-foundation,,2024-01-04T00:03:00.000Z,Guest,"Who:Friend/colleague, Who:Sibling, Who:Grandparent, Who:Parent, Who:Relative Cir:Miscarriage Age:30-50 Type:Other Support",,,
42nd Street,/42nd-street,,2024-01-05T00:04:00.000Z,Guest,"Who:Unborn baby, Who:Baby at birth Cir:Neurological, Cir:Medical complications, Cir:Heart disease/heart attack, Cir:Violence/murder, Cir:Illness, Cir:Hereditary or congenital disease, Cir:Negligence or neglect, Cir:Sudden Unexplained Death (SIDS, Cir:SUDI, Cir:SUDC), Cir:Covid 19, Cir:Cancer, Cir:Substance Misuse & Addiction, Cir:Accident, Cir:Old age Age:Young people (11-18) Type:Specialist Services, Type:Counselling",,,
4Louis,/4louis,,2024-01-06T00:05:00.000Z,Guest,"Who:Sibling, Who:Grandparent, Who:Parent, Who:Relative Cir: Age:50-65, Age:Young people (11-18), Age:65+, Age:30-50, Age:18-30 Type:Specialist Services",,,
"565 Service, Ipswich",/565-service-ipswich,,2024-01-07T00:06:00.000Z,Guest,"Who:Friend/colleague, Who:Sibling, Who:Grandparent, Who:Parent, Who:Adult child, Who:Relative, Who:Spouse/partner, Who:Other significant person Cir:Violence/murder Age:50-65, Age:Young people (11-18), Age:65+, Age:30-50, Age:18-30, Age:Children up to 11 Type:Specialist Services",,,
A Child Of Mine,/a-child-of-mine,,2024-01-08T00:07:00.000Z,Guest,"Who:Friend/colleague, Who:Unborn baby, Who:Sibling, Who:Grandparent, Who:Baby at birth, Who:Parent, Who:Child, Who:Adult child, Who:Grandchild, Who:Relative, Who:Spouse/partner, Who:Other significant person, Who:Baby Cir:Neurological, Cir:Medical complications, Cir:Heart disease/heart attack, Cir:Violence/murder, Cir:Pregnancy termination/Fetal Anomaly, Cir:Illness, Cir:Hereditary or congenital disease, Cir:Miscarriage, Cir:Suicide, Cir:Negligence or neglect, Cir:Missing person, Cir:Sudden Unexplained Death (SIDS, Cir:SUDI, Cir:SUDC), Cir:Covid 19, Cir:Cancer, Cir:Substance Misuse & Addiction, Cir:Still Birth, Cir:Accident, Cir:Old age, Cir:Military action Age:50-65, Age:Young people (11-18), Age:65+, Age:30-50, Age:18-30, Age:Children up to 11 Type:Counselling, Type:Peer Support",,,
AAFDA (Advocacy After Fatal Domestic Abuse),/aafda-advocacy-after-fatal-domestic-abuse,,2024-01-09T00:08:00.000Z,Guest,"Who:Friend/colleague, Who:Unborn baby, Who:Sibling, Who:Grandparent, Who:Baby at birth, Who:Parent, Who:Child, Who:Adult child, Who:Grandchild, Who:Relative, Who:Spouse/partner, Who:Other significant person, Who:Baby Cir:Neurological, Cir:Medical complications, Cir:Heart disease/heart attack, Cir:Illness, Cir:Hereditary or congenital disease, Cir:Negligence or neglect, Cir:Cancer Age:50-65, Age:65+, Age:30-50, Age:18-30 Type:Helplines",,,
Aashna Counselling and Psychotherapy,/aashna-counselling-and-psychotherapy,,2024-01-10T00:09:00.000Z,Guest,"Who:Unborn baby, Who:Baby at birth, Who:Baby Cir:Pregnancy termination/Fetal Anomaly, Cir:Miscarriage, Cir:Still Birth Age:30-50, Age:18-30 Type:Specialist Services, Type:Counselling",,,
AB Welfare and Wildlife Trust,/ab-welfare-and-wildlife-trust,,2024-01-11T00:10:00.000Z,Guest,"Who:Unborn baby, Who:Baby at birth Cir:Neurological, Cir:Medical complications, Cir:Pregnancy termination/Fetal Anomaly, Cir:Illness, Cir:Hereditary or congenital disease, Cir:Miscarriage Age:30-50, Age:18-30 Type:Peer Support, Type:Other Support",,,
Abigail's Footsteps,/abigails-footsteps,,2024-01-12T00:11:00.000Z,Guest,"Who:Friend/colleague, Who:Sibling, Who:Grandparent, Who:Parent, Who:Relative, Who:Other significant person Cir:Neurological, Cir:Medical complications, Cir:Heart disease/heart attack, Cir:Violence/murder, Cir:Illness, Cir:Hereditary or congenital disease, Cir:Negligence or neglect, Cir:Missing person, Cir:Cancer, Cir:Substance Misuse & Addiction, Cir:Accident, Cir:Old age, Cir:Military action Age:Young people (11-18) Type:Counselling",,,
Aching Arms,/aching-arms,,2024-01-13T00:12:00.000Z,Guest,"Who:Unborn baby Cir:Pregnancy termination/Fetal Anomaly, Cir:Miscarriage Age:30-50, Age:18-30 Type:Counselling",,,
ACIS Youth - Aberdeen Counselling Information Service,/acis-youth-aberdeen-counselling-information-service,,2024-01-14T00:13:00.000Z,Guest,"Who:Friend/colleague, Who:Sibling, Who:Grandparent, Who:Parent, Who:Child, Who:Adult child, Who:Grandchild, Who:Relative, Who:Spouse/partner, Who:Other significant person Cir:Neurological, Cir:Medical complications, Cir:Heart disease/heart attack, Cir:Violence/murder, Cir:Illness, Cir:Hereditary or congenital disease, Cir:Suicide, Cir:Negligence or neglect, Cir:Missing person, Cir:Cancer, Cir:Substance Misuse & Addiction, Cir:Accident, Cir:Old age, Cir:Military action Age:50-65, Age:65+, Age:30-50, Age:18-30 Type:",,,
Acorn Pregnancy Counselling Centre,/acorn-pregnancy-counselling-centre,,2024-01-15T00:14:00.000Z,Guest,"Who:Child, Who:Grandchild, Who:Baby Cir:Neurological, Cir:Illness, Cir:Hereditary or congenital disease, Cir:Cancer Age:50-65, Age:30-50, Age:18-30 Type:Specialist Services",,,
Acorns Bereavement Support Service (ABSS),/acorns-bereavement-support-service-abss,,2024-01-16T00:15:00.000Z,Guest,"Who:Friend/colleague, Who:Unborn baby, Who:Sibling, Who:Grandparent, Who:Baby at birth, Who:Parent, Who:Child, Who:Adult child, Who:Grandchild, Who:Relative, Who:Spouse/partner, Who:Other significant person, Who:Baby Cir:Neurological, Cir:Medical complications, Cir:Heart disease/heart attack, Cir:Violence/murder, Cir:Pregnancy termination/Fetal Anomaly, Cir:Illness, Cir:Hereditary or congenital disease, Cir:Miscarriage, Cir:Suicide, Cir:Negligence or neglect, Cir:Missing person, Cir:Sudden Unexplained Death (SIDS, Cir:SUDI, Cir:SUDC), Cir:Cancer, Cir:Substance Misuse & Addiction, Cir:Still Birth, Cir:Accident, Cir:Old age, Cir:Military action Age:50-65, Age:65+, Age:30-50, Age:18-30 Type:Counselling",,,
Acorns Children's Hospice Bereavement Service,/acorns-childrens-hospice-bereavement-service,,2024-01-17T00:16:00.000Z,Guest,"Who:Friend/colleague, Who:Sibling, Who:Grandparent, Who:Parent, Who:Adult child, Who:Grandchild, Who:Relative, Who:Spouse/partner, Who:Other significant person Cir:Substance Misuse & Addiction Age:50-65, Age:Young people (11-18), Age:65+, Age:30-50, Age:18-30 Type:Specialist Services",,,
Adapt Counselling,/adapt-counselling,,2024-01-18T00:17:00.000Z,Guest,"Who:Friend/colleague, Who:Unborn baby, Who:Sibling, Who:Grandparent, Who:Baby at birth, Who:Parent, Who:Child, Who:Adult child, Who:Grandchild, Who:Relative, Who:Spouse/partner, Who:Other significant person, Who:Baby Cir:Neurological, Cir:Medical complications, Cir:Heart disease/heart attack, Cir:Violence/murder, Cir:Pregnancy termination/Fetal Anomaly, Cir:Illness, Cir:Hereditary or congenital disease, Cir:Miscarriage, Cir:Suicide, Cir:Negligence or neglect, Cir:Missing person, Cir:Sudden Unexplained Death (SIDS, Cir:SUDI, Cir:SUDC), Cir:Cancer, Cir:Substance Misuse & Addiction, Cir:Still Birth, Cir:Accident, Cir:Old age, Cir:Military action Age:50-65, Age:65+, Age:30-50, Age:18-30 Type:Counselling",,,
Addiction Family Support,/addiction-family-support,,2024-01-19T00:18:00.000Z,Guest,"Who:Friend/colleague, Who:Sibling, Who:Grandparent, Who:Baby at birth, Who:Parent, Who:Child, Who:Adult child, Who:Grandchild, Who:Relative, Who:Spouse/partner, Who:Other significant person, Who:Baby Cir:Neurological, Cir:Medical complications, Cir:Heart disease/heart attack, Cir:Violence/murder, Cir:Pregnancy termination/Fetal Anomaly, Cir:Illness, Cir:Hereditary or congenital disease, Cir:Miscarriage, Cir:Suicide, Cir:Negligence or neglect, Cir:Missing person, Cir:Sudden Unexplained Death (SIDS, Cir:SUDI, Cir:SUDC), Cir:Cancer, Cir:Substance Misuse & Addiction, Cir:Still Birth, Cir:Accident, Cir:Old age, Cir:Military action Age:50-65, Age:65+, Age:30-50, Age:18-30 Type:Counselling",,,
Adintra Counselling,/adintra-counselling,,2024-01-20T00:19:00.000Z,Guest,"Who:Friend/colleague, Who:Unborn baby, Who:Sibling, Who:Grandparent, Who:Baby at birth, Who:Parent, Who:Child, Who:Adult child, Who:Grandchild, Who:Relative, Who:Spouse/partner, Who:Other significant person, Who:Baby Cir:Neurological, Cir:Medical complications, Cir:Heart disease/heart attack, Cir:Violence/murder, Cir:Pregnancy termination/Fetal Anomaly, Cir:Illness, Cir:Hereditary or congenital disease, Cir:Miscarriage, Cir:Suicide, Cir:Negligence or neglect, Cir:Missing person, Cir:Sudden Unexplained Death (SIDS, Cir:SUDI, Cir:SUDC), Cir:Covid 19, Cir:Cancer, Cir:Substance Misuse & Addiction, Cir:Still Birth, Cir:Accident, Cir:Old age, Cir:Military action Age:50-65, Age:65+, Age:30-50, Age:18-30 Type:Counselling, Type:Specific Communities",,,
Adlerian Society of Wales,/adlerian-society-of-wales,,2024-01-21T00:20:00.000Z,Guest,"Who:Friend/colleague, Who:Sibling, Who:Adult child, Who:Grandchild, Who:Spouse/partner, Who:Other significant person Cir:Neurological, Cir:Medical complications, Cir:Heart disease/heart attack, Cir:Violence/murder, Cir:Hereditary or congenital disease, Cir:Negligence or neglect, Cir:Missing person, Cir:Sudden Unexplained Death (SIDS, Cir:SUDI, Cir:SUDC), Cir:Cancer, Cir:Substance Misuse & Addiction, Cir:Accident, Cir:Old age, Cir:Military action Age:65+ Type:Counselling",,,
African and African-Caribbean Counselling - Greenwich,/african-and-african-caribbean-counselling-greenwich,,2024-01-22T00:21:00.000Z,Guest,"Who:Friend/colleague, Who:Sibling, Who:Parent, Who:Child, Who:Adult child, Who:Grandchild, Who:Relative, Who:Spouse/partner, Who:Other significant person Cir:Neurological, Cir:Medical complications, Cir:Heart disease/heart attack, Cir:Illness, Cir:Negligence or neglect, Cir:Cancer, Cir:Accident, Cir:Old age Age:50-65, Age:65+ Type:Specialist Services",,,
Age Concern - Manchester,/age-concern-manchester,,2024-01-23T00:22:00.000Z,Guest,"Who:Sibling, Who:Adult child, Who:Grandchild, Who:Relative, Who:Spouse/partner, Who:Other significant person Cir:Neurological, Cir:Medical complications, Cir:Heart disease/heart attack, Cir:Illness, Cir:Hereditary or congenital disease, Cir:Negligence or neglect, Cir:Sudden Unexplained Death (SIDS, Cir:SUDI, Cir:SUDC), Cir:Covid 19, Cir:Cancer, Cir:Substance Misuse & Addiction, Cir:Accident, Cir:Old age Age:65+ Type:",,,
Age UK,/age-uk,,2024-01-24T00:23:00.000Z,Guest,"Who:Friend/colleague, Who:Sibling, Who:Grandparent, Who:Parent, Who:Adult child, Who:Grandchild, Who:Relative, Who:Spouse/partner, Who:Other significant person Cir:Substance Misuse & Addiction Age:50-65, Age:65+, Age:30-50, Age:18-30 Type:Specialist Services, Type:Helplines",,,
Age UK Better Later Lives,/age-uk-better-later-lives,,2024-01-25T00:24:00.000Z,Guest,"Who:Child Cir:Neurological, Cir:Illness, Cir:Hereditary or congenital disease, Cir:Cancer Age:50-65, Age:65+, Age:30-50, Age:18-30 Type:Specialist Services, Type:Counselling",,,
Al-Anon,/al-anon,,2024-01-26T00:25:00.000Z,Guest,"Who:Sibling, Who:Grandparent, Who:Parent, Who:Adult child, Who:Grandchild, Who:Relative, Who:Spouse/partner, Who:Other significant person Cir:Neurological, Cir:Medical complications, Cir:Heart disease/heart attack, Cir:Violence/murder, Cir:Illness, Cir:Hereditary or congenital disease, Cir:Suicide, Cir:Negligence or neglect, Cir:Cancer, Cir:Substance Misuse & Addiction, Cir:Accident, Cir:Old age, Cir:Military action Age:50-65, Age:65+, Age:30-50, Age:18-30 Type:Counselling",,,
Alexander Devine Children's Hospice,/alexander-devine-childrens-hospice,,2024-01-27T00:26:00.000Z,Guest,"Who:Child Cir:Neurological, Cir:Heart disease/heart attack, Cir:Illness, Cir:Hereditary or congenital disease, Cir:Sudden Unexplained Death (SIDS, Cir:SUDI, Cir:SUDC), Cir:Cancer Age:50-65, Age:Young people (11-18), Age:65+, Age:30-50, Age:18-30, Age:Children up to 11 Type:Other Support",,,
Alice House Hospice,/alice-house-hospice,,2024-01-28T00:27:00.000Z,Guest,"Who:Unborn baby, Who:Baby at birth, Who:Baby Cir:Pregnancy termination/Fetal Anomaly, Cir:Miscarriage, Cir:Still Birth Age:30-50, Age:18-30 Type:Specialist Services, Type:Counselling",,,
Alice's Escapes,/alices-escapes,,2024-01-29T00:28:00.000Z,Guest,"Who:Friend/colleague, Who:Unborn baby, Who:Grandparent, Who:Baby at birth, Who:Parent, Who:Child, Who:Adult child, Who:Grandchild, Who:Relative, Who:Spouse/partner, Who:Other significant person, Who:Baby Cir:Neurological, Cir:Medical complications, Cir:Heart disease/heart attack, Cir:Violence/murder, Cir:Pregnancy termination/Fetal Anomaly, Cir:Illness, Cir:Hereditary or congenital disease, Cir:Miscarriage, Cir:Suicide, Cir:Negligence or neglect, Cir:Missing person, Cir:Sudden Unexplained Death (SIDS, Cir:SUDI, Cir:SUDC), Cir:Covid 19, Cir:Cancer, Cir:Substance Misuse & Addiction, Cir:Still Birth, Cir:Accident, Cir:Old age, Cir:Military action Age:50-65, Age:65+, Age:30-50, Age:18-30 Type:Counselling",,,
Alternatives,/alternatives,,2024-01-30T00:29:00.000Z,Guest,"Who:Friend/colleague, Who:Sibling, Who:Grandparent, Who:Parent, Who:Relative Cir:Illness, Cir:Cancer, Cir:Accident, Cir:Old age Age:50-65, Age:65+, Age:30-50, Age:18-30 Type:Mental Health Services",,,
Alton Counselling Service,/alton-counselling-service,,2024-01-31T00:30:00.000Z,Guest,"Who:Friend/colleague, Who:Sibling, Who:Grandparent, Who:Pet, Who:Adult child, Who:Grandchild, Who:Relative, Who:Other significant person Cir:Neurological, Cir:Heart disease/heart attack, Cir:Illness, Cir:Hereditary or congenital disease, Cir:Missing person, Cir:Cancer, Cir:Substance Misuse & Addiction, Cir:Accident, Cir:Old age Age:50-65, Age:65+ Type:Peer Support",,,
Always Another Way,/always-another-way,,2024-02-01T00:31:00.000Z,Guest,"Who:Friend/colleague, Who:Sibling, Who:Grandparent, Who:Parent, Who:Adult child, Who:Grandchild, Who:Relative, Who:Spouse/partner, Who:Other significant person Cir:Suicide Age:50-65, Age:Young people (11-18), Age:65+, Age:30-50, Age:18-30, Age:Children up to 11 Type:Specialist Services",,,
Amanda Jones Life Coach 55,/amanda-jones-life-coach-55,,2024-02-02T00:32:00.000Z,Guest,"Who:Friend/colleague, Who:Sibling, Who:Grandparent, Who:Parent, Who:Adult child, Who:Grandchild, Who:Relative, Who:Spouse/partner, Who:Other significant person Cir:Suicide Age:50-65, Age:65+, Age:30-50, Age:18-30 Type:Specialist Services",,,
Amparo - Cheshire & Merseyside,/amparo-cheshire-merseyside,,2024-02-02T00:33:00.000Z,Guest,"Who:Friend/colleague, Who:Sibling, Who:Grandparent, Who:Parent, Who:Adult child, Who:Grandchild, Who:Relative, Who:Spouse/partner, Who:Other significant person Cir:Suicide Age:50-65, Age:Young people (11-18), Age:65+, Age:30-50, Age:18-30, Age:Children up to 11 Type:Specialist Services",,,
Amparo - Coventry and Warwickshire,/amparo-coventry-and-warwickshire,,2024-02-03T00:34:00.000Z,Guest,"Who:Friend/colleague, Who:Sibling, Who:Grandparent, Who:Parent, Who:Adult child, Who:Grandchild, Who:Relative, Who:Spouse/partner, Who:Other significant person Cir:Suicide Age:50-65, Age:Young people (11-18), Age:65+, Age:30-50, Age:18-30, Age:Children up to 11 Type:Specialist Services, Type:Other Support",,,
Amparo - Kent and Medway,/amparo-kent-and-medway,,2024-02-04T00:35:00.000Z,Guest,"Who:Friend/colleague, Who:Sibling, Who:Grandparent, Who:Parent, Who:Adult child, Who:Grandchild, Who:Relative, Who:Spouse/partner, Who:Other significant person Cir:Suicide Age:50-65, Age:Young people (11-18), Age:65+, Age:30-50, Age:18-30, Age:Children up to 11 Type:Specialist Services, Type:Counselling, Type:Other Support",,,
Amparo - Lancashire,/amparo-lancashire,,2024-02-05T00:36:00.000Z,Guest,"Who:Friend/colleague, Who:Sibling, Who:Grandparent, Who:Parent, Who:Adult child, Who:Grandchild, Who:Relative, Who:Spouse/partner, Who:Other significant person Cir:Suicide Age:50-65, Age:Young people (11-18), Age:65+, Age:30-50, Age:18-30, Age:Children up to 11 Type:Specialist Services",,,
Amparo - North Central London,/amparo-north-central-london,,2024-02-06T00:37:00.000Z,Guest,"Who:Friend/colleague, Who:Sibling, Who:Parent, Who:Adult child, Who:Grandchild, Who:Relative, Who:Spouse/partner Cir:Suicide Age:50-65, Age:65+, Age:30-50, Age:18-30 Type:Specialist Services",,,
Amparo - South Yorkshire,/amparo-south-yorkshire,,2024-02-07T00:38:00.000Z,Guest,"Who:Friend/colleague, Who:Sibling, Who:Parent, Who:Adult child, Who:Relative, Who:Spouse/partner, Who:Other significant person Cir:Suicide Age:50-65, Age:65+, Age:30-50, Age:18-30 Type:Specialist Services",,,
Amparo Lincolnshire,/amparo-lincolnshire,,2024-02-08T00:39:00.000Z,Guest,"Who:Child, Who:Adult child Cir:Neurological, Cir:Medical complications, Cir:Heart disease/heart attack, Cir:Violence/murder, Cir:Illness, Cir:Hereditary or congenital disease, Cir:Missing person, Cir:Sudden Unexplained Death (SIDS, Cir:SUDI, Cir:SUDC), Cir:Covid 19, Cir:Cancer, Cir:Still Birth, Cir:Accident, Cir:Old age Age:50-65, Age:65+, Age:30-50, Age:18-30 Type:Specialist Services",,,
Amparo: support following suicide,/amparo-support-following-suicide,,2024-02-09T00:40:00.000Z,Guest,"Who:Friend/colleague, Who:Unborn baby, Who:Sibling, Who:Grandparent, Who:Baby at birth, Who:Parent, Who:Child, Who:Adult child, Who:Grandchild, Who:Relative, Who:Spouse/partner, Who:Other significant person, Who:Baby Cir:Heart disease/heart attack, Cir:Pregnancy termination/Fetal Anomaly, Cir:Hereditary or congenital disease, Cir:Miscarriage, Cir:Sudden Unexplained Death (SIDS, Cir:SUDI, Cir:SUDC), Cir:Cancer, Cir:Accident Age:50-65, Age:65+, Age:30-50, Age:18-30, Age:Children up to 11 Type:Peer Support, Type:Other Support",,,
Anam Cara,/anam-cara,,2024-02-10T00:41:00.000Z,Guest,"Who:Friend/colleague, Who:Unborn baby, Who:Sibling, Who:Grandparent, Who:Baby at birth, Who:Parent, Who:Child, Who:Adult child, Who:Grandchild, Who:Relative, Who:Spouse/partner, Who:Other significant person, Who:Baby Cir:Neurological, Cir:Medical complications, Cir:Heart disease/heart attack, Cir:Violence/murder, Cir:Pregnancy termination/Fetal Anomaly, Cir:Illness, Cir:Hereditary or congenital disease, Cir:Miscarriage, Cir:Suicide, Cir:Negligence or neglect, Cir:Missing person, Cir:Sudden Unexplained Death (SIDS, Cir:SUDI, Cir:SUDC), Cir:Cancer, Cir:Substance Misuse & Addiction, Cir:Still Birth, Cir:Accident, Cir:Old age, Cir:Military action Age:50-65, Age:65+, Age:30-50, Age:18-30 Type:Peer Support",,,
Andy's Angels,/andys-angels,,2024-02-11T00:42:00.000Z,Guest,"Who:Unborn baby, Who:Baby at birth, Who:Baby Cir:Pregnancy termination/Fetal Anomaly, Cir:Miscarriage, Cir:Sudden Unexplained Death (SIDS, Cir:SUDI, Cir:SUDC), Cir:Still Birth Age:30-50, Age:18-30 Type:Specialist Services, Type:Counselling",,,
Andy's Man Club,/andys-man-club,,2024-02-12T00:43:00.000Z,Guest,"Who:Baby at birth Cir:Still Birth Age:30-50, Age:18-30 Type:Specialist Services",,,
Angels and Rainbows Support,/angels-and-rainbows-support,,2024-02-13T00:44:00.000Z,Guest,"Who:Friend/colleague, Who:Sibling, Who:Grandparent, Who:Parent, Who:Other significant person Cir:Neurological, Cir:Medical complications, Cir:Heart disease/heart attack, Cir:Violence/murder, Cir:Illness, Cir:Hereditary or congenital disease, Cir:Negligence or neglect, Cir:Missing person, Cir:Sudden Unexplained Death (SIDS, Cir:SUDI, Cir:SUDC), Cir:Cancer, Cir:Substance Misuse & Addiction, Cir:Accident, Cir:Old age, Cir:Military action Age:Young people (11-18), Age:18-30, Age:Children up to 11 Type:Specialist Services",,,
Angels and Stars,/angels-and-stars,,2024-02-14T00:45:00.000Z,Guest,"Who:Friend/colleague, Who:Sibling, Who:Grandparent, Who:Parent, Who:Child, Who:Adult child, Who:Grandchild, Who:Relative, Who:Spouse/partner, Who:Other significant person Cir:Neurological, Cir:Medical complications, Cir:Heart disease/heart attack, Cir:Illness, Cir:Hereditary or congenital disease, Cir:Sudden Unexplained Death (SIDS, Cir:SUDI, Cir:SUDC), Cir:Covid 19, Cir:Cancer, Cir:Substance Misuse & Addiction, Cir:Accident, Cir:Old age Age:50-65, Age:Young people (11-18), Age:65+, Age:30-50, Age:18-30 Type:Specialist Services, Type:Peer Support, Type:Other Support",,,
Anna Freud Youth Wellbeing,/anna-freud-youth-wellbeing,,2024-02-15T00:46:00.000Z,Guest,"Who:Friend/colleague, Who:Unborn baby, Who:Sibling, Who:Grandparent, Who:Baby at birth, Who:Parent, Who:Child, Who:Adult child, Who:Grandchild, Who:Relative, Who:Spouse/partner, Who:Other significant person, Who:Baby Cir:Neurological, Cir:Medical complications, Cir:Heart disease/heart attack, Cir:Violence/murder, Cir:Pregnancy termination/Fetal Anomaly, Cir:Illness, Cir:Hereditary or congenital disease, Cir:Miscarriage, Cir:Suicide, Cir:Negligence or neglect, Cir:Missing person, Cir:Sudden Unexplained Death (SIDS, Cir:SUDI, Cir:SUDC), Cir:Cancer, Cir:Substance Misuse & Addiction, Cir:Still Birth, Cir:Accident, Cir:Old age, Cir:Military action Age:50-65, Age:65+, Age:30-50, Age:18-30 Type:Counselling",,,
,,,,,,,,
,,,,,,,,